Workbook

Sheet 封面
A13: 钢铁行业产业链碳足迹数据服务系统 需求报价单
A32: 江苏荣泽信息科技股份有限公司

Sheet 总览
A1: 一级模块 | B1: 汇总人天 | C1: 汇总金额（元） | D1: 占总额比例 | E1: 备注
A2: 平台与基础 | B2: =SUMIF(明细报价!$C:$C,A2,明细报价!$H:$H) -> 19 | C2: =SUMIF(明细报价!$C:$C,A2,明细报价!$J:$J) -> 25800 | D2: =IF(SUM($C$2:$C$10)=0,"",C2/SUM($C$2:$C$10)) -> 0.031656442
A3: 门户与统一入口 | B3: =SUMIF(明细报价!$C:$C,A3,明细报价!$H:$H) -> 4 | C3: =SUMIF(明细报价!$C:$C,A3,明细报价!$J:$J) -> 8000 | D3: =IF(SUM($C$2:$C$10)=0,"",C3/SUM($C$2:$C$10)) -> 0.0098159509
A4: 运营管理端 | B4: =SUMIF(明细报价!$C:$C,A4,明细报价!$H:$H) -> 119 | C4: =SUMIF(明细报价!$C:$C,A4,明细报价!$J:$J) -> 197000 | D4: =IF(SUM($C$2:$C$10)=0,"",C4/SUM($C$2:$C$10)) -> 0.24171779
A5: 供应商工作台 | B5: =SUMIF(明细报价!$C:$C,A5,明细报价!$H:$H) -> 106 | C5: =SUMIF(明细报价!$C:$C,A5,明细报价!$J:$J) -> 159000 | D5: =IF(SUM($C$2:$C$10)=0,"",C5/SUM($C$2:$C$10)) -> 0.19509202
A6: 认证核查机构工作台 | B6: =SUMIF(明细报价!$C:$C,A6,明细报价!$H:$H) -> 101 | C6: =SUMIF(明细报价!$C:$C,A6,明细报价!$J:$J) -> 151500 | D6: =IF(SUM($C$2:$C$10)=0,"",C6/SUM($C$2:$C$10)) -> 0.18588957
A7: 横向能力 | B7: =SUMIF(明细报价!$C:$C,A7,明细报价!$H:$H) -> 15 | C7: =SUMIF(明细报价!$C:$C,A7,明细报价!$J:$J) -> 122500 | D7: =IF(SUM($C$2:$C$10)=0,"",C7/SUM($C$2:$C$10)) -> 0.15030675
A8: 集成与对接 | B8: =SUMIF(明细报价!$C:$C,A8,明细报价!$H:$H) -> 56 | C8: =SUMIF(明细报价!$C:$C,A8,明细报价!$J:$J) -> 83600 | D8: =IF(SUM($C$2:$C$10)=0,"",C8/SUM($C$2:$C$10)) -> 0.10257669
A9: 标准与合规 | B9: =SUMIF(明细报价!$C:$C,A9,明细报价!$H:$H) -> 1 | C9: =SUMIF(明细报价!$C:$C,A9,明细报价!$J:$J) -> 2000 | D9: =IF(SUM($C$2:$C$10)=0,"",C9/SUM($C$2:$C$10)) -> 0.0024539877
A10: 项目管理与非功能 | B10: =SUMIF(明细报价!$C:$C,A10,明细报价!$H:$H) -> 48 | C10: =SUMIF(明细报价!$C:$C,A10,明细报价!$J:$J) -> 65600 | D10: =IF(SUM($C$2:$C$10)=0,"",C10/SUM($C$2:$C$10)) -> 0.080490798
A11: 合计 | B11: =SUM(B2:B10) -> 469 | C11: =SUM(C2:C10) -> 815000 | D11: =SUM(D2:D10) -> 1
A12: 提示：可按「明细报价」表中「阶段」列筛选 MVP / 二阶段 / 可选 报价；「占总额比例」为各模块金额占上方各模块金额合计之比。

Sheet 明细报价
A1: 报价编号 | B1: 阶段 | C1: 一级模块 | D1: 二级模块 | E1: 功能点/工作包 | F1: 交付物 | G1: 工作量单位 | H1: 数量 | I1: 单价（元） | J1: 金额（元） | K1: 技术/商务备注 | L1: 验收准则
A2: Q-PLAT-001 | B2: MVP | C2: 平台与基础 | D2: RBAC与系统管理 | E2: 角色权限矩阵与系统管理 | F2: Web管理端、权限API、联调 | G2: 人天 | H2: 5 | I2: 1500 | J2: =IF(OR(ISBLANK(H2),ISBLANK(I2)),"",H2*I2) -> 7500 | K2: 范围见 docs/01_业务与流程/02_全局数据字典与枚举.md §3 | L2: 角色可按矩阵配置关键菜单与操作；权限变更生效可验证
A3: Q-PLAT-002 | B3: MVP | C3: 平台与基础 | D3: RBAC与系统管理 | E3: 关键操作日志 | F3: 日志采集、查询、导出接口与页面 | G3: 人天 | H3: 5 | I3: 1500 | J3: =IF(OR(ISBLANK(H3),ISBLANK(I3)),"",H3*I3) -> 7500 | L3: 填报/下发/归档等关键动作可追溯且可检索
A4: Q-PLAT-003 | B4: MVP | C4: 平台与基础 | D4: 基础服务 | E4: 文件存储与上传策略 | F4: 对象存储对接或自建、凭证与大小限制 | G4: 人天 | H4: 9 | I4: 1200 | J4: =IF(OR(ISBLANK(H4),ISBLANK(I4)),"",H4*I4) -> 10800 | K4: 与模板填报、证照上传共用 | L4: 凭证可按任务维度上传、下载权限受控
A5: Q-PORT-001 | B5: MVP | C5: 门户与统一入口 | D5: 系统门户 | E5: index.html 平台门户与多服务入口 | F5: 静态页、导航、部署配置 | G5: 人天 | H5: 2 | I5: 2000 | J5: =IF(OR(ISBLANK(H5),ISBLANK(I5)),"",H5*I5) -> 4000 | K5: 见 README 门户说明 | L5: 可访问且产品碳足迹入口跳转正确
A6: Q-PORT-002 | B6: MVP | C6: 门户与统一入口 | D6: 产品碳足迹门户 | E6: pcf.html 二级门户与三端入口 | F6: 静态页、工作台跳转 | G6: 人天 | H6: 2 | I6: 2000 | J6: =IF(OR(ISBLANK(H6),ISBLANK(I6)),"",H6*I6) -> 4000 | L6: 运营/供应商/核查入口可分别进入对应工作台
A7: Q-OPS-001 | B7: MVP | C7: 运营管理端 | D7: 运营驾驶舱 | E7: 简版 KPI、数据流、快捷入口 | F7: operator/dashboard.html 及接口 | G7: 人天 | H7: 2 | I7: 2000 | J7: =IF(OR(ISBLANK(H7),ISBLANK(I7)),"",H7*I7) -> 4000 | K7: 整版驾驶舱见「二阶段」独立行 | L7: 展示核心指标与跳转任务/报告入口
A8: Q-OPS-002 | B8: MVP | C8: 运营管理端 | D8: 订单管理 | E8: 订单四态与「确认并分配任务」 | F8: order.html、订单API、生成任务 | G8: 人天 | H8: 21 | I8: 2000 | J8: =IF(OR(ISBLANK(H8),ISBLANK(I8)),"",H8*I8) -> 42000 | K8: 与鑫采商城对接单列集成行 | L8: 已支付→确认后生成任务并可从任务列表追溯
A9: Q-OPS-003 | B9: MVP | C9: 运营管理端 | D9: 任务管理 | E9: 任务列表（五段）与阶段跳转 | F9: self_operated_task_list 等、列表API | G9: 人天 | H9: 3 | I9: 2000 | J9: =IF(OR(ISBLANK(H9),ISBLANK(I9)),"",H9*I9) -> 6000 | K9: 阶段4仅跳转报告管理 | L9: 列表阶段与任务主状态一致
A10: Q-OPS-004 | B10: MVP | C10: 运营管理端 | D10: 任务管理 | E10: 任务详情-配置阶段 | F10: task_detail_config、模板选择、Snapshot | G10: 人天 | H10: 12 | I10: 1500 | J10: =IF(OR(ISBLANK(H10),ISBLANK(I10)),"",H10*I10) -> 18000 | K10: 见 05_模板引擎 | L10: 可选模板并生成快照供填报使用
A11: Q-OPS-005 | B11: MVP | C11: 运营管理端 | D11: 任务管理 | E11: 任务详情-采集审核 | F11: task_detail_collect、审核通过/驳回 | G11: 人天 | H11: 12 | I11: 1500 | J11: =IF(OR(ISBLANK(H11),ISBLANK(I11)),"",H11*I11) -> 18000 | K11: 与供应商填报联动 | L11: 可审核供应商提交并产生驳回原因
A12: Q-OPS-006 | B12: MVP | C12: 运营管理端 | D12: 任务管理 | E12: 任务详情-LCA计算 | F12: task_detail_lca、状态与手工/接口预留 | G12: 人天 | H12: 12 | I12: 1500 | J12: =IF(OR(ISBLANK(H12),ISBLANK(I12)),"",H12*I12) -> 18000 | K12: 计算引擎对接见集成行 | L12: 计算阶段状态可推进并记录
A13: Q-OPS-007 | B13: MVP | C13: 运营管理端 | D13: 任务管理 | E13: 任务详情-核查协作 | F13: task_detail_verify、与核查端状态衔接 | G13: 人天 | H13: 12 | I13: 1500 | J13: =IF(OR(ISBLANK(H13),ISBLANK(I13)),"",H13*I13) -> 18000 | L13: 核查结果可反映到任务与报告流程
A14: Q-OPS-008 | B14: MVP | C14: 运营管理端 | D14: 任务管理 | E14: 任务工作台 | F14: task_workspace、跨子任务协作 | G14: 人天 | H14: 3 | I14: 2000 | J14: =IF(OR(ISBLANK(H14),ISBLANK(I14)),"",H14*I14) -> 6000 | K14: 视实施范围可合并计价 | L14: 运营可在工作台完成分配的操作
A15: Q-OPS-009 | B15: MVP | C15: 运营管理端 | D15: 报告管理 | E15: 用印版、下发、申诉处理、归档 | F15: report_mgt、report_detail、规则见 08_PR | G15: 人天 | H15: 3 | I15: 2000 | J15: =IF(OR(ISBLANK(H15),ISBLANK(I15)),"",H15*I15) -> 6000 | K15: 申诉中不可归档等规则需实现 | L15: 可走通：上传→下发→供应商确认/申诉→归档闭环
A16: Q-OPS-010 | B16: MVP | C16: 运营管理端 | D16: 供应商管理 | E16: 供应商CRM与详情、证照视图 | F16: supplier_mgt、supplier_mgt_detail | G16: 人天 | H16: 2 | I16: 2000 | J16: =IF(OR(ISBLANK(H16),ISBLANK(I16)),"",H16*I16) -> 4000 | K16: 与供应商 identity 数据对应 | L16: 机构与证照信息与供应商端一致
A17: Q-OPS-011 | B17: MVP | C17: 运营管理端 | D17: 核查机构管理 | E17: 核查机构与策略维护 | F17: certifier_mgt、certifier_detail | G17: 人天 | H17: 2 | I17: 2000 | J17: =IF(OR(ISBLANK(H17),ISBLANK(I17)),"",H17*I17) -> 4000 | L17: 机构可派发核查任务
A18: Q-OPS-012 | B18: MVP | C18: 运营管理端 | D18: 模板中心 | E18: 采集模板维护与任务绑定 | F18: templates_mgt、template_detail | G18: 人天 | H18: 12 | I18: 1500 | J18: =IF(OR(ISBLANK(H18),ISBLANK(I18)),"",H18*I18) -> 18000 | K18: 见 05_模板引擎解析逻辑 | L18: 模板版本可管理并用于生成 Snapshot
A19: Q-OPS-013 | B19: 二阶段 | C19: 运营管理端 | D19: 结算中心 | E19: 结算单与确认（完整实现） | F19: settlement 业务与接口 | G19: 人天 | H19: 1 | I19: 2000 | J19: =IF(OR(ISBLANK(H19),ISBLANK(I19)),"",H19*I19) -> 2000 | K19: 第一阶段仅预留入口 | L19: 按二期范围验收
A20: Q-OPS-014 | B20: 二阶段 | C20: 运营管理端 | D20: 运营驾驶舱 | E20: 驾驶舱完整版（整体） | F20: dashboard 增强与数据接入 | G20: 人天 | H20: 22 | I20: 1500 | J20: =IF(OR(ISBLANK(H20),ISBLANK(I20)),"",H20*I20) -> 33000 | K20: 第一阶段设计方案：二迭代做整体 | L20: 按二期范围验收
A21: Q-SUP-001 | B21: MVP | C21: 供应商工作台 | D21: 工作台 | E21: 概览与快捷入口 | F21: supplier/dashboard.html | G21: 人天 | H21: 12 | I21: 1500 | J21: =IF(OR(ISBLANK(H21),ISBLANK(I21)),"",H21*I21) -> 18000 | K21: 见 06 功能清单序号1 | L21: 待办/澄清/报告数展示正确
A22: Q-SUP-002 | B22: MVP | C22: 供应商工作台 | D22: 待办任务 | E22: 列表与跳转填报/澄清 | F22: task_list.html | G22: 人天 | H22: 12 | I22: 1500 | J22: =IF(OR(ISBLANK(H22),ISBLANK(I22)),"",H22*I22) -> 18000 | K22: 见 06 序号2 | L22: 三类待办类型可分流
A23: Q-SUP-003 | B23: MVP | C23: 供应商工作台 | D23: 任务填报 | E23: 填报与凭证上传 | F23: task_fill.html、Spread/表单 | G23: 人天 | H23: 12 | I23: 1500 | J23: =IF(OR(ISBLANK(H23),ISBLANK(I23)),"",H23*I23) -> 18000 | K23: 见 06 序号3 | L23: 可提交且运营端可看到
A24: Q-SUP-004 | B24: MVP | C24: 供应商工作台 | D24: 待澄清处理 | E24: 回复与佐证上传 | F24: task_clarify.html | G24: 人天 | H24: 12 | I24: 1500 | J24: =IF(OR(ISBLANK(H24),ISBLANK(I24)),"",H24*I24) -> 18000 | K24: 见 06 序号4 | L24: 回复与运营端协作衔接
A25: Q-SUP-005 | B25: MVP | C25: 供应商工作台 | D25: 我的报告 | E25: 预览、确认接收、申诉 | F25: reports.html | G25: 人天 | H25: 12 | I25: 1500 | J25: =IF(OR(ISBLANK(H25),ISBLANK(I25)),"",H25*I25) -> 18000 | K25: 见 06 序号5 | L25: 仅下发后可见；确认后不可申诉
A26: Q-SUP-006 | B26: MVP | C26: 供应商工作台 | D26: 企业信息与证照 | E26: 维护/提交空间同步 | F26: identity.html | G26: 人天 | H26: 12 | I26: 1500 | J26: =IF(OR(ISBLANK(H26),ISBLANK(I26)),"",H26*I26) -> 18000 | K26: 见 06 序号6 | L26: 营业执照必选；同步路径可演示
A27: Q-SUP-007 | B27: MVP | C27: 供应商工作台 | D27: 知识库与帮助 | E27: 帮助与知识库入口 | F27: help 等 | G27: 人天 | H27: 12 | I27: 1500 | J27: =IF(OR(ISBLANK(H27),ISBLANK(I27)),"",H27*I27) -> 18000 | K27: 可与占位内容起价 | L27: 帮助入口可用
A28: Q-SUP-008 | B28: 二阶段 | C28: 供应商工作台 | D28: 绿色生态市场 | E28: 市场占位扩展为实功能 | F28: market.html | G28: 人天 | H28: 22 | I28: 1500 | J28: =IF(OR(ISBLANK(H28),ISBLANK(I28)),"",H28*I28) -> 33000 | K28: 06 序号7 为 P2 | L28: 按可选包验收
A29: Q-CER-001 | B29: MVP | C29: 认证核查机构工作台 | D29: 核查仪表盘 | E29: KPI与任务队列等 | F29: certifier/dashboard.html | G29: 人天 | H29: 12 | I29: 1500 | J29: =IF(OR(ISBLANK(H29),ISBLANK(I29)),"",H29*I29) -> 18000 | K29: 见 09 序号1 | L29: 仪表盘可加载并跳转列表
... A45: Q-STD-001 | B45: MVP | C45: 标准与合规 | D45: TDS/NDI 对齐 | E45: 架构与预留：身份、目录、合约、审计 | F45: 方案文档+接口占位+评审支持 | G45: 人天 | H45: 1 | I45: 2000 | J45: =IF(OR(ISBLANK(H45),ISBLANK(I45)),"",H45*I45) -> 2000 | K45: 见 docs/05 与 11、22 | L45: 设计与实现对齐已确认清单
A46: Q-PM-001 | B46: MVP | C46: 项目管理与非功能 | D46: 工程与运维 | E46: 部署、CI、备份、基础监控 | F46: 环境与文档 | G46: 人天 | H46: 8 | I46: 1200 | J46: =IF(OR(ISBLANK(H46),ISBLANK(I46)),"",H46*I46) -> 9600 | L46: 可按环境交付运行说明
A47: Q-PM-002 | B47: MVP | C47: 项目管理与非功能 | D47: 质量保障 | E47: 测试计划、用例、验收支持 | F47: 测试报告 | G47: 人天 | H47: 40 | I47: 1400 | J47: =IF(OR(ISBLANK(H47),ISBLANK(I47)),"",H47*I47) -> 56000 | L47: 核心链路用例通过

Sheet 假设与不包含
A1: 类型 | B1: 条款说明
A2: 价格口径 | B2: 人工成本：产品设计 2000 元/人天；开发 1500 元/人天；项目管理 2000 元/人天；运维管理 1200 元/人天；测试管理 1400 元/人天。总价目标 80 万元（其中 MVP 人天合计 50 万元、SpreadJS 一次性 10 万元、二阶段及可选 20 万元）。
A3: 不包含（示例） | B3: 客户侧机房、专线、等保测评与渗透测试整改费用（除非单独报价）。
A4: 不包含（示例） | B4: 商城本体开发与支付渠道手续费。
A5: 不包含（示例） | B5: 非鑫智链的外部连接器联调
A6: 不包含（示例） | B6: OA 电子签章、二阶段结算完整业务（见明细二阶段行）。
A7: 交付假设 | B7: 甲方按约提供测试环境、接口文档与对接窗口联系人。
A8: 范围依据 | B8: 功能范围对齐仓库 docs：06 供应商、09 核查端、00_迭代计划/第一阶段设计方案.md。
